/* data.pictures */
insert into
    data.pictures (id, created_at, updated_at, path)
values
    (1, '2020-09-28 20:00:19', '2020-09-28 20:00:19', 'https://img.favpng.com/8/0/5/computer-icons-user-profile-avatar-png-favpng-6jJk1WU2YkTBLjFs4ZwueE8Ub.jpg'),
    (2, '2020-09-28 20:00:19', '2020-09-28 20:00:19', 'https://pbs.twimg.com/profile_images/521683642070749184/o0Qs8JkQ.jpeg'),
    (3, '2020-09-28 20:00:19', '2020-09-28 20:00:48', 'https://pbs.twimg.com/profile_images/521683642070749184/o0Qs8JkQ.jpeg'),
    (4, '2020-09-28 20:00:19', '2020-09-28 20:00:19', 'https://img.favpng.com/10/23/1/computer-icons-user-profile-avatar-png-favpng-ypy9BWih5X28x0zDEBeemwyx8.jpg'),
    (5, '2020-09-28 20:00:19', '2020-09-28 20:00:19', 'https://img.favpng.com/8/0/5/computer-icons-user-profile-avatar-png-favpng-6jJk1WU2YkTBLjFs4ZwueE8Ub.jpg'),
    (6, '2020-09-28 20:00:19', '2020-09-28 20:00:19', 'https://img.favpng.com/10/23/1/computer-icons-user-profile-avatar-png-favpng-ypy9BWih5X28x0zDEBeemwyx8.jpg'),
    (7, '2020-09-28 20:00:19', '2020-09-28 20:00:49', 'https://avatarfiles.alphacoders.com/159/159520.png'),
    (8, '2020-09-28 20:00:19', '2020-09-28 20:00:19', 'https://avatarfiles.alphacoders.com/159/159520.png'),
    (9, '2020-09-28 20:00:19', '2020-09-28 20:00:19', 'https://img2.freepng.ru/20180521/ocp/kisspng-computer-icons-user-profile-avatar-french-people-5b0365e4f1ce65.9760504415269493489905.jpg'),
    (10, '2020-09-28 20:00:19', '2020-09-28 20:00:19', 'https://img.favpng.com/10/23/1/computer-icons-user-profile-avatar-png-favpng-ypy9BWih5X28x0zDEBeemwyx8.jpg'),
    (11, '2020-09-28 20:00:19', '2020-09-28 20:00:19', 'https://img.favpng.com/8/0/5/computer-icons-user-profile-avatar-png-favpng-6jJk1WU2YkTBLjFs4ZwueE8Ub.jpg'),
    (12, '2020-09-28 20:00:19', '2020-09-28 20:00:51', 'https://avatarfiles.alphacoders.com/159/159520.png'),
    (13, '2020-09-28 20:00:19', '2020-09-28 20:00:19', 'https://img.favpng.com/8/0/5/computer-icons-user-profile-avatar-png-favpng-6jJk1WU2YkTBLjFs4ZwueE8Ub.jpg'),
    (14, '2020-09-28 20:00:19', '2020-09-28 20:00:19', 'https://avatarfiles.alphacoders.com/159/159520.png'),
    (15, '2020-09-28 20:00:19', '2020-09-28 20:00:51', 'https://pbs.twimg.com/profile_images/521683642070749184/o0Qs8JkQ.jpeg'),
    (16, '2020-09-28 20:00:19', '2020-09-28 20:00:19', 'https://img.favpng.com/8/0/5/computer-icons-user-profile-avatar-png-favpng-6jJk1WU2YkTBLjFs4ZwueE8Ub.jpg'),
    (17, '2020-09-28 20:00:19', '2020-09-28 20:00:19', 'https://f0.pngfuel.com/png/136/22/profile-icon-illustration-user-profile-computer-icons-girl-customer-avatar-png-clip-art-thumbnail.png'),
    (18, '2020-09-28 20:00:19', '2020-09-28 20:00:19', 'https://pbs.twimg.com/profile_images/521683642070749184/o0Qs8JkQ.jpeg'),
    (19, '2020-09-28 20:00:19', '2020-09-28 20:00:19', 'https://pbs.twimg.com/profile_images/521683642070749184/o0Qs8JkQ.jpeg'),
    (20, '2020-09-28 20:00:19', '2020-09-28 20:00:19', 'https://avatarfiles.alphacoders.com/194/194973.jpg'),
    (21, '2020-09-28 20:00:19', '2020-09-28 20:00:19', 'https://avatarfiles.alphacoders.com/159/159520.png'),
    (22, '2020-09-28 20:00:19', '2020-09-28 20:00:51', 'https://avatarfiles.alphacoders.com/159/159520.png'),
    (23, '2020-09-28 20:00:19', '2020-09-28 20:00:19', 'https://avatarfiles.alphacoders.com/194/194973.jpg'),
    (24, '2020-09-28 20:00:19', '2020-09-28 20:00:19', 'https://img2.freepng.ru/20180521/ocp/kisspng-computer-icons-user-profile-avatar-french-people-5b0365e4f1ce65.9760504415269493489905.jpg'),
    (25, '2020-09-28 20:00:19', '2020-09-28 20:00:19', 'https://f0.pngfuel.com/png/136/22/profile-icon-illustration-user-profile-computer-icons-girl-customer-avatar-png-clip-art-thumbnail.png'),
    (26, '2020-09-28 20:00:19', '2020-09-28 20:00:19', 'https://img.favpng.com/8/0/5/computer-icons-user-profile-avatar-png-favpng-6jJk1WU2YkTBLjFs4ZwueE8Ub.jpg'),
    (27, '2020-09-28 20:00:19', '2020-09-28 20:00:19', 'https://img.favpng.com/8/0/5/computer-icons-user-profile-avatar-png-favpng-6jJk1WU2YkTBLjFs4ZwueE8Ub.jpg'),
    (28, '2020-09-28 20:00:19', '2020-09-28 20:00:19', 'https://img.favpng.com/8/0/5/computer-icons-user-profile-avatar-png-favpng-6jJk1WU2YkTBLjFs4ZwueE8Ub.jpg'),
    (29, '2020-09-28 20:00:19', '2020-09-28 20:00:19', 'https://img2.freepng.ru/20180521/ocp/kisspng-computer-icons-user-profile-avatar-french-people-5b0365e4f1ce65.9760504415269493489905.jpg'),
    (30, '2020-09-28 20:00:19', '2020-09-28 20:00:19', 'https://img.favpng.com/10/23/1/computer-icons-user-profile-avatar-png-favpng-ypy9BWih5X28x0zDEBeemwyx8.jpg'),
    (31, '2020-09-28 20:00:19', '2020-09-28 20:00:51', 'https://avatarfiles.alphacoders.com/194/194973.jpg'),
    (32, '2020-09-28 20:00:19', '2020-09-28 20:00:19', 'https://avatarfiles.alphacoders.com/159/159520.png'),
    (33, '2020-09-28 20:00:19', '2020-09-28 20:00:19', 'https://f0.pngfuel.com/png/136/22/profile-icon-illustration-user-profile-computer-icons-girl-customer-avatar-png-clip-art-thumbnail.png'),
    (34, '2020-09-28 20:00:19', '2020-09-28 20:00:19', 'https://img.favpng.com/8/0/5/computer-icons-user-profile-avatar-png-favpng-6jJk1WU2YkTBLjFs4ZwueE8Ub.jpg'),
    (35, '2020-09-28 20:00:19', '2020-09-28 20:00:19', 'https://avatarfiles.alphacoders.com/194/194973.jpg'),
    (36, '2020-09-28 20:00:19', '2020-09-28 20:00:19', 'https://avatarfiles.alphacoders.com/159/159520.png'),
    (37, '2020-09-28 20:00:19', '2020-09-28 20:00:19', 'https://avatarfiles.alphacoders.com/159/159520.png'),
    (38, '2020-09-28 20:00:19', '2020-09-28 20:00:19', 'https://f0.pngfuel.com/png/136/22/profile-icon-illustration-user-profile-computer-icons-girl-customer-avatar-png-clip-art-thumbnail.png'),
    (39, '2020-09-28 20:00:19', '2020-09-28 20:00:19', 'https://avatarfiles.alphacoders.com/159/159520.png'),
    (40, '2020-09-28 20:00:19', '2020-09-28 20:00:19', 'https://avatarfiles.alphacoders.com/194/194973.jpg'),
    (41, '2020-09-28 20:00:19', '2020-09-28 20:00:19', 'https://avatarfiles.alphacoders.com/194/194973.jpg'),
    (42, '2020-09-28 20:00:19', '2020-09-28 20:00:19', 'https://avatarfiles.alphacoders.com/194/194973.jpg'),
    (43, '2020-09-28 20:00:19', '2020-09-28 20:00:19', 'https://avatarfiles.alphacoders.com/194/194973.jpg'),
    (44, '2020-09-28 20:00:19', '2020-09-28 20:00:19', 'https://img2.freepng.ru/20180521/ocp/kisspng-computer-icons-user-profile-avatar-french-people-5b0365e4f1ce65.9760504415269493489905.jpg'),
    (45, '2020-09-28 20:00:19', '2020-09-28 20:00:19', 'https://img2.freepng.ru/20180521/ocp/kisspng-computer-icons-user-profile-avatar-french-people-5b0365e4f1ce65.9760504415269493489905.jpg'),
    (46, '2020-09-28 20:00:19', '2020-09-28 20:00:19', 'https://img.favpng.com/8/0/5/computer-icons-user-profile-avatar-png-favpng-6jJk1WU2YkTBLjFs4ZwueE8Ub.jpg'),
    (47, '2020-09-28 20:00:19', '2020-09-28 20:00:53', 'https://pbs.twimg.com/profile_images/521683642070749184/o0Qs8JkQ.jpeg'),
    (48, '2020-09-28 20:00:19', '2020-09-28 20:00:19', 'https://pbs.twimg.com/profile_images/521683642070749184/o0Qs8JkQ.jpeg'),
    (49, '2020-09-28 20:00:19', '2020-09-28 20:00:19', 'https://pbs.twimg.com/profile_images/521683642070749184/o0Qs8JkQ.jpeg'),
    (50, '2020-09-28 20:00:19', '2020-09-28 20:00:19', 'https://f0.pngfuel.com/png/136/22/profile-icon-illustration-user-profile-computer-icons-girl-customer-avatar-png-clip-art-thumbnail.png'),
    (51, '2020-09-28 20:00:19', '2020-09-28 20:00:19', 'https://avatarfiles.alphacoders.com/159/159520.png'),
    (52, '2020-09-28 20:00:19', '2020-09-28 20:00:19', 'https://f0.pngfuel.com/png/136/22/profile-icon-illustration-user-profile-computer-icons-girl-customer-avatar-png-clip-art-thumbnail.png'),
    (53, '2020-09-28 20:00:19', '2020-09-28 20:00:19', 'https://f0.pngfuel.com/png/136/22/profile-icon-illustration-user-profile-computer-icons-girl-customer-avatar-png-clip-art-thumbnail.png'),
    (54, '2020-09-28 20:00:20', '2020-09-28 20:00:20', 'https://img2.freepng.ru/20180521/ocp/kisspng-computer-icons-user-profile-avatar-french-people-5b0365e4f1ce65.9760504415269493489905.jpg'),
    (55, '2020-09-28 20:00:20', '2020-09-28 20:00:20', 'https://avatarfiles.alphacoders.com/159/159520.png'),
    (56, '2020-09-28 20:00:20', '2020-09-28 20:00:20', 'https://img2.freepng.ru/20180521/ocp/kisspng-computer-icons-user-profile-avatar-french-people-5b0365e4f1ce65.9760504415269493489905.jpg'),
    (57, '2020-09-28 20:00:20', '2020-09-28 20:00:20', 'https://avatarfiles.alphacoders.com/159/159520.png'),
    (58, '2020-09-28 20:00:20', '2020-09-28 20:00:52', 'https://f0.pngfuel.com/png/136/22/profile-icon-illustration-user-profile-computer-icons-girl-customer-avatar-png-clip-art-thumbnail.png'),
    (59, '2020-09-28 20:00:21', '2020-09-28 20:00:21', 'https://f0.pngfuel.com/png/136/22/profile-icon-illustration-user-profile-computer-icons-girl-customer-avatar-png-clip-art-thumbnail.png'),
    (60, '2020-09-28 20:00:21', '2020-09-28 20:00:21', 'https://img2.freepng.ru/20180521/ocp/kisspng-computer-icons-user-profile-avatar-french-people-5b0365e4f1ce65.9760504415269493489905.jpg'),
    (61, '2020-09-28 20:00:21', '2020-09-28 20:00:21', 'https://img2.freepng.ru/20180521/ocp/kisspng-computer-icons-user-profile-avatar-french-people-5b0365e4f1ce65.9760504415269493489905.jpg'),
    (62, '2020-09-28 20:00:21', '2020-09-28 20:00:21', 'https://avatarfiles.alphacoders.com/194/194973.jpg'),
    (63, '2020-09-28 20:00:21', '2020-09-28 20:00:21', 'https://img.favpng.com/10/23/1/computer-icons-user-profile-avatar-png-favpng-ypy9BWih5X28x0zDEBeemwyx8.jpg'),
    (64, '2020-09-28 20:00:21', '2020-09-28 20:00:21', 'https://avatarfiles.alphacoders.com/194/194973.jpg'),
    (65, '2020-09-28 20:00:22', '2020-09-28 20:00:22', 'https://avatarfiles.alphacoders.com/159/159520.png'),
    (66, '2020-09-28 20:00:22', '2020-09-28 20:00:22', 'https://avatarfiles.alphacoders.com/159/159520.png'),
    (67, '2020-09-28 20:00:22', '2020-09-28 20:00:22', 'https://img.favpng.com/10/23/1/computer-icons-user-profile-avatar-png-favpng-ypy9BWih5X28x0zDEBeemwyx8.jpg'),
    (68, '2020-09-28 20:00:22', '2020-09-28 20:00:22', 'https://avatarfiles.alphacoders.com/194/194973.jpg'),
    (69, '2020-09-28 20:00:23', '2020-09-28 20:00:23', 'https://img.favpng.com/8/0/5/computer-icons-user-profile-avatar-png-favpng-6jJk1WU2YkTBLjFs4ZwueE8Ub.jpg'),
    (70, '2020-09-28 20:00:23', '2020-09-28 20:00:23', 'https://img2.freepng.ru/20180521/ocp/kisspng-computer-icons-user-profile-avatar-french-people-5b0365e4f1ce65.9760504415269493489905.jpg'),
    (71, '2020-09-28 20:00:23', '2020-09-28 20:00:23', 'https://pbs.twimg.com/profile_images/521683642070749184/o0Qs8JkQ.jpeg'),
    (72, '2020-09-28 20:00:23', '2020-09-28 20:00:23', 'https://img.favpng.com/8/0/5/computer-icons-user-profile-avatar-png-favpng-6jJk1WU2YkTBLjFs4ZwueE8Ub.jpg'),
    (73, '2020-09-28 20:00:23', '2020-09-28 20:00:52', 'https://img2.freepng.ru/20180521/ocp/kisspng-computer-icons-user-profile-avatar-french-people-5b0365e4f1ce65.9760504415269493489905.jpg'),
    (74, '2020-09-28 20:00:23', '2020-09-28 20:00:23', 'https://avatarfiles.alphacoders.com/194/194973.jpg'),
    (75, '2020-09-28 20:00:24', '2020-09-28 20:00:24', 'https://img2.freepng.ru/20180521/ocp/kisspng-computer-icons-user-profile-avatar-french-people-5b0365e4f1ce65.9760504415269493489905.jpg'),
    (76, '2020-09-28 20:00:24', '2020-09-28 20:00:24', 'https://img.favpng.com/8/0/5/computer-icons-user-profile-avatar-png-favpng-6jJk1WU2YkTBLjFs4ZwueE8Ub.jpg'),
    (77, '2020-09-28 20:00:24', '2020-09-28 20:00:24', 'https://avatarfiles.alphacoders.com/194/194973.jpg'),
    (78, '2020-09-28 20:00:24', '2020-09-28 20:00:24', 'https://avatarfiles.alphacoders.com/159/159520.png'),
    (79, '2020-09-28 20:00:24', '2020-09-28 20:00:49', 'https://img2.freepng.ru/20180521/ocp/kisspng-computer-icons-user-profile-avatar-french-people-5b0365e4f1ce65.9760504415269493489905.jpg'),
    (80, '2020-09-28 20:00:25', '2020-09-28 20:00:25', 'https://img.favpng.com/8/0/5/computer-icons-user-profile-avatar-png-favpng-6jJk1WU2YkTBLjFs4ZwueE8Ub.jpg'),
    (81, '2020-09-28 20:00:25', '2020-09-28 20:00:25', 'https://f0.pngfuel.com/png/136/22/profile-icon-illustration-user-profile-computer-icons-girl-customer-avatar-png-clip-art-thumbnail.png'),
    (82, '2020-09-28 20:00:25', '2020-09-28 20:00:25', 'https://f0.pngfuel.com/png/136/22/profile-icon-illustration-user-profile-computer-icons-girl-customer-avatar-png-clip-art-thumbnail.png'),
    (83, '2020-09-28 20:00:25', '2020-09-28 20:00:25', 'https://img.favpng.com/10/23/1/computer-icons-user-profile-avatar-png-favpng-ypy9BWih5X28x0zDEBeemwyx8.jpg'),
    (84, '2020-09-28 20:00:25', '2020-09-28 20:00:25', 'https://img2.freepng.ru/20180521/ocp/kisspng-computer-icons-user-profile-avatar-french-people-5b0365e4f1ce65.9760504415269493489905.jpg'),
    (85, '2020-09-28 20:00:26', '2020-09-28 20:00:51', 'https://f0.pngfuel.com/png/136/22/profile-icon-illustration-user-profile-computer-icons-girl-customer-avatar-png-clip-art-thumbnail.png'),
    (86, '2020-09-28 20:00:26', '2020-09-28 20:00:51', 'https://img.favpng.com/8/0/5/computer-icons-user-profile-avatar-png-favpng-6jJk1WU2YkTBLjFs4ZwueE8Ub.jpg'),
    (87, '2020-09-28 20:00:26', '2020-09-28 20:00:26', 'https://img.favpng.com/10/23/1/computer-icons-user-profile-avatar-png-favpng-ypy9BWih5X28x0zDEBeemwyx8.jpg'),
    (88, '2020-09-28 20:00:26', '2020-09-28 20:00:26', 'https://avatarfiles.alphacoders.com/194/194973.jpg'),
    (89, '2020-09-28 20:00:26', '2020-09-28 20:00:26', 'https://img.favpng.com/8/0/5/computer-icons-user-profile-avatar-png-favpng-6jJk1WU2YkTBLjFs4ZwueE8Ub.jpg'),
    (90, '2020-09-28 20:00:27', '2020-09-28 20:00:27', 'https://pbs.twimg.com/profile_images/521683642070749184/o0Qs8JkQ.jpeg'),
    (91, '2020-09-28 20:00:27', '2020-09-28 20:00:27', 'https://pbs.twimg.com/profile_images/521683642070749184/o0Qs8JkQ.jpeg'),
    (92, '2020-09-28 20:00:27', '2020-09-28 20:00:51', 'https://avatarfiles.alphacoders.com/159/159520.png'),
    (93, '2020-09-28 20:00:27', '2020-09-28 20:00:27', 'https://pbs.twimg.com/profile_images/521683642070749184/o0Qs8JkQ.jpeg'),
    (94, '2020-09-28 20:00:27', '2020-09-28 20:00:27', 'https://img.favpng.com/10/23/1/computer-icons-user-profile-avatar-png-favpng-ypy9BWih5X28x0zDEBeemwyx8.jpg'),
    (95, '2020-09-28 20:00:28', '2020-09-28 20:00:49', 'https://img.favpng.com/8/0/5/computer-icons-user-profile-avatar-png-favpng-6jJk1WU2YkTBLjFs4ZwueE8Ub.jpg'),
    (96, '2020-09-28 20:00:28', '2020-09-28 20:00:28', 'https://img2.freepng.ru/20180521/ocp/kisspng-computer-icons-user-profile-avatar-french-people-5b0365e4f1ce65.9760504415269493489905.jpg'),
    (97, '2020-09-28 20:00:28', '2020-09-28 20:00:28', 'https://f0.pngfuel.com/png/136/22/profile-icon-illustration-user-profile-computer-icons-girl-customer-avatar-png-clip-art-thumbnail.png'),
    (98, '2020-09-28 20:00:28', '2020-09-28 20:00:28', 'https://img.favpng.com/10/23/1/computer-icons-user-profile-avatar-png-favpng-ypy9BWih5X28x0zDEBeemwyx8.jpg'),
    (99, '2020-09-28 20:00:28', '2020-09-28 20:00:51', 'https://img2.freepng.ru/20180521/ocp/kisspng-computer-icons-user-profile-avatar-french-people-5b0365e4f1ce65.9760504415269493489905.jpg'),
    (100, '2020-09-28 20:00:28', '2020-09-28 20:00:52', 'https://img.favpng.com/10/23/1/computer-icons-user-profile-avatar-png-favpng-ypy9BWih5X28x0zDEBeemwyx8.jpg'),
    (101, '2020-09-28 20:00:29', '2020-09-28 20:00:29', 'https://pbs.twimg.com/profile_images/521683642070749184/o0Qs8JkQ.jpeg'),
    (102, '2020-09-28 20:00:29', '2020-09-28 20:00:29', 'https://avatarfiles.alphacoders.com/159/159520.png'),
    (103, '2020-09-28 20:00:29', '2020-09-28 20:00:29', 'https://f0.pngfuel.com/png/136/22/profile-icon-illustration-user-profile-computer-icons-girl-customer-avatar-png-clip-art-thumbnail.png'),
    (104, '2020-09-28 20:00:30', '2020-09-28 20:00:30', 'https://img.favpng.com/10/23/1/computer-icons-user-profile-avatar-png-favpng-ypy9BWih5X28x0zDEBeemwyx8.jpg'),
    (105, '2020-09-28 20:00:30', '2020-09-28 20:00:30', 'https://img.favpng.com/8/0/5/computer-icons-user-profile-avatar-png-favpng-6jJk1WU2YkTBLjFs4ZwueE8Ub.jpg'),
    (106, '2020-09-28 20:00:30', '2020-09-28 20:00:30', 'https://img.favpng.com/10/23/1/computer-icons-user-profile-avatar-png-favpng-ypy9BWih5X28x0zDEBeemwyx8.jpg'),
    (107, '2020-09-28 20:00:31', '2020-09-28 20:00:31', 'https://avatarfiles.alphacoders.com/194/194973.jpg'),
    (108, '2020-09-28 20:00:31', '2020-09-28 20:00:31', 'https://avatarfiles.alphacoders.com/159/159520.png'),
    (109, '2020-09-28 20:00:31', '2020-09-28 20:00:31', 'https://avatarfiles.alphacoders.com/194/194973.jpg'),
    (110, '2020-09-28 20:00:31', '2020-09-28 20:00:51', 'https://pbs.twimg.com/profile_images/521683642070749184/o0Qs8JkQ.jpeg'),
    (111, '2020-09-28 20:00:32', '2020-09-28 20:00:49', 'https://avatarfiles.alphacoders.com/194/194973.jpg'),
    (112, '2020-09-28 20:00:32', '2020-09-28 20:00:32', 'https://img2.freepng.ru/20180521/ocp/kisspng-computer-icons-user-profile-avatar-french-people-5b0365e4f1ce65.9760504415269493489905.jpg'),
    (113, '2020-09-28 20:00:32', '2020-09-28 20:00:32', 'https://avatarfiles.alphacoders.com/159/159520.png'),
    (114, '2020-09-28 20:00:33', '2020-09-28 20:00:33', 'https://f0.pngfuel.com/png/136/22/profile-icon-illustration-user-profile-computer-icons-girl-customer-avatar-png-clip-art-thumbnail.png'),
    (115, '2020-09-28 20:00:33', '2020-09-28 20:00:33', 'https://pbs.twimg.com/profile_images/521683642070749184/o0Qs8JkQ.jpeg'),
    (116, '2020-09-28 20:00:33', '2020-09-28 20:00:33', 'https://f0.pngfuel.com/png/136/22/profile-icon-illustration-user-profile-computer-icons-girl-customer-avatar-png-clip-art-thumbnail.png'),
    (117, '2020-09-28 20:00:33', '2020-09-28 20:00:33', 'https://avatarfiles.alphacoders.com/159/159520.png'),
    (118, '2020-09-28 20:00:34', '2020-09-28 20:00:51', 'https://avatarfiles.alphacoders.com/194/194973.jpg'),
    (119, '2020-09-28 20:00:34', '2020-09-28 20:00:51', 'https://pbs.twimg.com/profile_images/521683642070749184/o0Qs8JkQ.jpeg'),
    (120, '2020-09-28 20:00:34', '2020-09-28 20:00:48', 'https://avatarfiles.alphacoders.com/194/194973.jpg'),
    (121, '2020-09-28 20:00:34', '2020-09-28 20:00:34', 'https://pbs.twimg.com/profile_images/521683642070749184/o0Qs8JkQ.jpeg'),
    (122, '2020-09-28 20:00:35', '2020-09-28 20:00:35', 'https://img.favpng.com/10/23/1/computer-icons-user-profile-avatar-png-favpng-ypy9BWih5X28x0zDEBeemwyx8.jpg'),
    (123, '2020-09-28 20:00:35', '2020-09-28 20:00:35', 'https://f0.pngfuel.com/png/136/22/profile-icon-illustration-user-profile-computer-icons-girl-customer-avatar-png-clip-art-thumbnail.png'),
    (124, '2020-09-28 20:00:36', '2020-09-28 20:00:36', 'https://pbs.twimg.com/profile_images/521683642070749184/o0Qs8JkQ.jpeg'),
    (125, '2020-09-28 20:00:36', '2020-09-28 20:00:36', 'https://pbs.twimg.com/profile_images/521683642070749184/o0Qs8JkQ.jpeg'),
    (126, '2020-09-28 20:00:36', '2020-09-28 20:00:51', 'https://avatarfiles.alphacoders.com/159/159520.png'),
    (127, '2020-09-28 20:00:37', '2020-09-28 20:00:51', 'https://img.favpng.com/10/23/1/computer-icons-user-profile-avatar-png-favpng-ypy9BWih5X28x0zDEBeemwyx8.jpg'),
    (128, '2020-09-28 20:00:37', '2020-09-28 20:00:37', 'https://img2.freepng.ru/20180521/ocp/kisspng-computer-icons-user-profile-avatar-french-people-5b0365e4f1ce65.9760504415269493489905.jpg'),
    (129, '2020-09-28 20:00:37', '2020-09-28 20:00:52', 'https://img.favpng.com/10/23/1/computer-icons-user-profile-avatar-png-favpng-ypy9BWih5X28x0zDEBeemwyx8.jpg'),
    (130, '2020-09-28 20:00:37', '2020-09-28 20:00:37', 'https://avatarfiles.alphacoders.com/159/159520.png'),
    (131, '2020-09-28 20:00:38', '2020-09-28 20:00:38', 'https://pbs.twimg.com/profile_images/521683642070749184/o0Qs8JkQ.jpeg'),
    (132, '2020-09-28 20:00:38', '2020-09-28 20:00:38', 'https://img.favpng.com/8/0/5/computer-icons-user-profile-avatar-png-favpng-6jJk1WU2YkTBLjFs4ZwueE8Ub.jpg'),
    (133, '2020-09-28 20:00:38', '2020-09-28 20:00:50', 'https://avatarfiles.alphacoders.com/194/194973.jpg'),
    (134, '2020-09-28 20:00:39', '2020-09-28 20:00:39', 'https://f0.pngfuel.com/png/136/22/profile-icon-illustration-user-profile-computer-icons-girl-customer-avatar-png-clip-art-thumbnail.png'),
    (135, '2020-09-28 20:00:39', '2020-09-28 20:00:50', 'https://img.favpng.com/10/23/1/computer-icons-user-profile-avatar-png-favpng-ypy9BWih5X28x0zDEBeemwyx8.jpg'),
    (136, '2020-09-28 20:00:39', '2020-09-28 20:00:39', 'https://img.favpng.com/8/0/5/computer-icons-user-profile-avatar-png-favpng-6jJk1WU2YkTBLjFs4ZwueE8Ub.jpg'),
    (137, '2020-09-28 20:00:40', '2020-09-28 20:00:40', 'https://f0.pngfuel.com/png/136/22/profile-icon-illustration-user-profile-computer-icons-girl-customer-avatar-png-clip-art-thumbnail.png'),
    (138, '2020-09-28 20:00:40', '2020-09-28 20:00:40', 'https://avatarfiles.alphacoders.com/159/159520.png'),
    (139, '2020-09-28 20:00:40', '2020-09-28 20:00:51', 'https://img.favpng.com/8/0/5/computer-icons-user-profile-avatar-png-favpng-6jJk1WU2YkTBLjFs4ZwueE8Ub.jpg'),
    (140, '2020-09-28 20:00:41', '2020-09-28 20:00:41', 'https://avatarfiles.alphacoders.com/159/159520.png'),
    (141, '2020-09-28 20:00:41', '2020-09-28 20:00:41', 'https://img.favpng.com/8/0/5/computer-icons-user-profile-avatar-png-favpng-6jJk1WU2YkTBLjFs4ZwueE8Ub.jpg'),
    (142, '2020-09-28 20:00:41', '2020-09-28 20:00:41', 'https://img.favpng.com/8/0/5/computer-icons-user-profile-avatar-png-favpng-6jJk1WU2YkTBLjFs4ZwueE8Ub.jpg'),
    (143, '2020-09-28 20:00:42', '2020-09-28 20:00:42', 'https://f0.pngfuel.com/png/136/22/profile-icon-illustration-user-profile-computer-icons-girl-customer-avatar-png-clip-art-thumbnail.png'),
    (144, '2020-09-28 20:00:42', '2020-09-28 20:00:52', 'https://f0.pngfuel.com/png/136/22/profile-icon-illustration-user-profile-computer-icons-girl-customer-avatar-png-clip-art-thumbnail.png'),
    (145, '2020-09-28 20:00:42', '2020-09-28 20:00:42', 'https://f0.pngfuel.com/png/136/22/profile-icon-illustration-user-profile-computer-icons-girl-customer-avatar-png-clip-art-thumbnail.png'),
    (146, '2020-09-28 20:00:42', '2020-09-28 20:00:49', 'https://f0.pngfuel.com/png/136/22/profile-icon-illustration-user-profile-computer-icons-girl-customer-avatar-png-clip-art-thumbnail.png'),
    (147, '2020-09-28 20:00:43', '2020-09-28 20:00:43', 'https://img.favpng.com/10/23/1/computer-icons-user-profile-avatar-png-favpng-ypy9BWih5X28x0zDEBeemwyx8.jpg'),
    (148, '2020-09-28 20:00:43', '2020-09-28 20:00:43', 'https://img2.freepng.ru/20180521/ocp/kisspng-computer-icons-user-profile-avatar-french-people-5b0365e4f1ce65.9760504415269493489905.jpg'),
    (149, '2020-09-28 20:00:45', '2020-09-28 20:00:45', 'https://img.favpng.com/10/23/1/computer-icons-user-profile-avatar-png-favpng-ypy9BWih5X28x0zDEBeemwyx8.jpg'),
    (150, '2020-09-28 20:00:45', '2020-09-28 20:00:45', 'https://img2.freepng.ru/20180521/ocp/kisspng-computer-icons-user-profile-avatar-french-people-5b0365e4f1ce65.9760504415269493489905.jpg'),
    (151, '2020-09-28 20:00:46', '2020-09-28 20:00:46', 'https://img.favpng.com/8/0/5/computer-icons-user-profile-avatar-png-favpng-6jJk1WU2YkTBLjFs4ZwueE8Ub.jpg'),
    (152, '2020-09-28 20:00:46', '2020-09-28 20:00:46', 'https://pbs.twimg.com/profile_images/521683642070749184/o0Qs8JkQ.jpeg'),
    (153, '2020-09-28 20:00:46', '2020-09-28 20:00:46', 'https://img.favpng.com/10/23/1/computer-icons-user-profile-avatar-png-favpng-ypy9BWih5X28x0zDEBeemwyx8.jpg'),
    (154, '2020-09-28 20:00:46', '2020-09-28 20:00:46', 'https://f0.pngfuel.com/png/136/22/profile-icon-illustration-user-profile-computer-icons-girl-customer-avatar-png-clip-art-thumbnail.png'),
    (155, '2020-09-28 20:00:47', '2020-09-28 20:00:47', 'https://avatarfiles.alphacoders.com/159/159520.png'),
    (156, '2020-09-28 20:00:47', '2020-09-28 20:00:47', 'https://img.favpng.com/8/0/5/computer-icons-user-profile-avatar-png-favpng-6jJk1WU2YkTBLjFs4ZwueE8Ub.jpg'),
    (157, '2020-09-28 20:00:47', '2020-09-28 20:00:47', 'https://img.favpng.com/8/0/5/computer-icons-user-profile-avatar-png-favpng-6jJk1WU2YkTBLjFs4ZwueE8Ub.jpg');

/* data.users */
insert into data.users
    (deleted_at, id, active, name, last_name, country_id, created_user_id, region_id, locality, email, email_verified_at, phone, phone_verified_at, password, timezone, api_token, picture_id, remember_token, created_at, updated_at)
values
    (null, 1, false, 'Mr. Arturo Crist', 'Ruecker', 41, 1, 596, 'Josephineland', 'alexis18@example.net', '2020-09-28 20:00:19', '+1.578.790.4726', null, 'c4e08eeecc1a6e7187ec29bcb117d645', '+10:00', 'ck2QLy93jm7BebekCds8t4CTN5ht0p9vZu9sIFQnm1UHgjt8DTo4gBe86IWP', 3, null, '2020-09-28 20:00:19', '2020-09-28 20:00:53'),
    (null, 2, false, 'Deven Dooley', 'Lindgren', 39, 1, 887, 'Bechtelarfurt', 'franco.west@example.com', '2020-09-28 20:00:19', '+1.347.340.6948', null, 'd70a936a24c77bb1213e7ac57d16baae', '+00:00', '5urmH9g8poW5MnrgEXFBxcslHYHC9ZmRqBs5JWsLraiY4YiCCFM8DG2qvemH', 45, null, '2020-09-28 20:00:19', '2020-09-28 20:00:51'),
    (null, 3, false, 'Jensen Christiansen', 'Kunze', 15, 2, 1845, 'New Cieloberg', 'daphney65@example.net', '2020-09-28 20:00:19', '572.351.7008 x4880', null, '88fe148c43679e6dceca4be5c18a6227', '-05:00', 'FmNcIpAXR87yI8GPi735FNiocMll1oG4WzQPwAwiu2XTwT00hDksbHTpLJ9N', 7, null, '2020-09-28 20:00:19', '2020-09-28 20:00:19'),
    (null, 4, false, 'Verla Senger Sr.', 'Hill', 33, 2, 1614, 'Collinsport', 'jovan.homenick@example.com', '2020-09-28 20:00:20', '+1 (801) 231-5657', null, '75dfcbd9b6937b158807dbbe369e087e', '+09:00', 'Q0bOoHcaray0ecteLoqrhEMa6hVGI6uSgbtg90jEzlXqzcnPAqkfcCwZ6shy', 17, null, '2020-09-28 20:00:20', '2020-09-28 20:00:20'),
    (null, 5, false, 'Dr. Cruz Heller', 'Osinski', 48, 3, 675, 'West Felicita', 'macejkovic.nickolas@example.net', '2020-09-28 20:00:20', '1-293-839-1564', null, '135ec364ff46e7c153cb528cc71dd989', '+01:00', 'hcLFt3X6WR59nssS92HsC1wBigY3aNIYNc3eDlaVgPRwIam9LM3ex0n0Xbce', 10, null, '2020-09-28 20:00:20', '2020-09-28 20:00:52'),
    (null, 6, false, 'Gwendolyn Bayer III', 'Reilly', 14, 4, 1280, 'North Abigalechester', 'cshields@example.com', '2020-09-28 20:00:20', '+1 (884) 594-1694', null, '27f34fd9d70ad75384a12c238e8c1bac', '+06:00', 'tgNoIOXG7sYnltd7TkRkYOluFCIWhDvDRu1aZoStrNEllC5qPRmHrBYXOxKH', 13, null, '2020-09-28 20:00:20', '2020-09-28 20:00:52'),
    (null, 7, true, 'Abel DuBuque', 'Green', 40, 1, 376, 'North Arnold', 'gerlach.jovani@example.com', '2020-09-28 20:00:20', '620-675-8893', null, 'b98211bae62e2df383cdb3c59bd71635', '+01:00', '3XPD3gvjtKj5FYKBd26OTYS2BN9QfPqo1kI3aAGByT4zGXCATe3g2bQF3qKN', 20, null, '2020-09-28 20:00:20', '2020-09-28 20:00:20'),
    (null, 8, true, 'Tyler Streich IV', 'Veum', 35, 3, 1317, 'New Claude', 'mgutkowski@example.com', '2020-09-28 20:00:20', '(497) 645-3170 x34896', null, '10961c8e5617bb364953357b749a3039', '+06:30', 'rGpTd6sPnTHfbjEEwjQg8rpLtBrHhkkQJNNA22i7PFhkgaJudikuxUbDkU0m', 32, null, '2020-09-28 20:00:20', '2020-09-28 20:00:50'),
    (null, 9, false, 'Miss Leanne Medhurst V', 'Blick', 32, 6, 1613, 'North Weston', 'rfritsch@example.net', '2020-09-28 20:00:21', '427.732.1207', null, 'aa205af7b2b31e779eba910d0dd5f8ea', '+05:45', 'G1d3i65Ujn6sZyGXnXK8DmM3tVlkM9atZ1wqeFLEgaL3gvc95jD9g4UKW5XI', 24, null, '2020-09-28 20:00:21', '2020-09-28 20:00:53'),
    (null, 10, true, 'Elna Keeling', 'Renner', 61, 3, 1120, 'Everettmouth', 'hyatt.carey@example.net', '2020-09-28 20:00:21', '(434) 223-4605 x442', null, '2540fc4603487bea3430a9cf23401d6d', '-05:00', 'zOTDTHVr4h1XpZq4CqmXTxI7RpmGQoiTzJmBOq3c7sKsTxf8ByA7fL4Tq2WA', 30, null, '2020-09-28 20:00:21', '2020-09-28 20:00:21'),
    (null, 11, true, 'Rhoda Marks', 'Wisozk', 10, 4, 1778, 'North Brooklyn', 'xherman@example.net', '2020-09-28 20:00:21', '1-889-763-2489', null, '6b219a26462375aab811cff85b66bf80', '+01:00', '3ox7lufsF3uBfQAcrT8ZFrPrYJsjqc8PTZHRXJ7cGYfFH2bKoqppVMkiIWVw', 53, null, '2020-09-28 20:00:21', '2020-09-28 20:00:21'),
    (null, 12, true, 'Brooks Beahan', 'Spinka', 51, 7, 28, 'Port Linnie', 'princess15@example.org', '2020-09-28 20:00:21', '1-317-964-5233', null, '4ab0a013800c9dfe5385b12176344cf9', '+10:00', 'Y3xv1GrZpzS0Ldk7zleyqd0tIMTLYcAHE0dHrndxSiuE1v5bD7xRoSbhClqS', 27, null, '2020-09-28 20:00:21', '2020-09-28 20:00:52'),
    (null, 13, false, 'Prof. Rodolfo Breitenberg', 'Bechtelar', 51, 7, 1045, 'New Dahliamouth', 'dfadel@example.net', '2020-09-28 20:00:21', '1-898-312-6170 x720', null, '19cb92d91373aa787254d978c767c132', '-05:00', 'uS4QqyBAZRUXcxxWlZF1f1bRhEecK1uiF3TZjFFj1GLgJr1jzqMNbhZZ2W6z', 11, null, '2020-09-28 20:00:21', '2020-09-28 20:00:21'),
    (null, 14, false, 'Maximus VonRueden', 'Wyman', 45, 3, 515, 'Noemyfurt', 'pink95@example.net', '2020-09-28 20:00:21', '703.951.4474 x3241', null, 'a465ff815c78d60a082724372e756c51', '+04:30', 'rz4oVkApjzDdpVBb6bfT9PbCkefD9uSdJpKdmouooRtKLpHF9KQ0HRMSuncC', 50, null, '2020-09-28 20:00:21', '2020-09-28 20:00:53'),
    (null, 15, false, 'Teagan Buckridge', 'Schamberger', 57, 10, 945, 'West Novaview', 'jakubowski.kiara@example.org', '2020-09-28 20:00:22', '573.569.0820 x2946', null, 'c4973127ca546ae0587c8de903e5bda5', '-08:00', 'Vg8G8WmCHmz9vxxol66Lgzor9W0gK3a5UjchshWhOIKatzxj0doEEuhiZsOb', 20, null, '2020-09-28 20:00:22', '2020-09-28 20:00:22'),
    (null, 16, true, 'Andres Pagac', 'Sawayn', 49, 3, 228, 'Sydnieshire', 'stroman.bartholome@example.org', '2020-09-28 20:00:22', '236-482-8238', null, '16539b6c7dd7a5b742465b210965cf4e', '+06:00', 'HTv7D6Z8SV9eNm1LsQt7uu810fIKww5eOH0bkvzocmcXZ317AgU5ST2O2CER', 39, null, '2020-09-28 20:00:22', '2020-09-28 20:00:22'),
    (null, 17, false, 'Dr. Jammie Harber PhD', 'Koch', 41, 11, 415, 'New Nigelville', 'kameron96@example.com', '2020-09-28 20:00:22', '576.401.2925 x241', null, '2b297d56933ffadab061599077c636f0', '+05:45', 'jYp1N243bqXSv8Xn7SEqPFGEroon02cuzHIqp1TxPzg6vXEdBIATRJ1I6HTO', 60, null, '2020-09-28 20:00:22', '2020-09-28 20:00:22'),
    (null, 18, true, 'Adalberto Ledner', 'Oberbrunner', 39, 9, 98, 'Lake Coltville', 'gleason.hipolito@example.com', '2020-09-28 20:00:22', '(423) 422-1680 x21158', null, 'c09e7644a5ae9e6458af22e2d325b3cb', '+01:00', '7NbQu0BI7ZcseqgfscnltG4oyw8xSlDYyHrWIxOjIdBAjFhWFE2tDeIjhxQE', 3, null, '2020-09-28 20:00:22', '2020-09-28 20:00:52'),
    (null, 19, false, 'Berneice Smith', 'Reichert', 2, 11, 717, 'West Clemmieshire', 'dach.frank@example.net', '2020-09-28 20:00:23', '954-388-6907', null, 'a7319c81675c43642c1494b7dbf4a401', '+06:30', '2jVYqvcpNht0SwYgCXVK6YvZlMRmwG800cT4zg1rqkaiFJduWYPejjnnRmTW', 34, null, '2020-09-28 20:00:23', '2020-09-28 20:00:53'),
    (null, 20, true, 'Max Thompson', 'Kirlin', 35, 6, 878, 'Jasonchester', 'maximillian95@example.net', '2020-09-28 20:00:23', '+1-542-739-8990', null, '1c56830b1b684586d6a8158b2ab88e93', '-07:00', 'dzoRPfHVEtTRKtFIuJBz1k0tndFTytqrGvuWed9FrRZdpa759C0u1vC4y8uC', 56, null, '2020-09-28 20:00:23', '2020-09-28 20:00:23'),
    (null, 21, true, 'Dr. Karley Parisian', 'Turcotte', 4, 8, 964, 'Bryceville', 'mbergstrom@example.net', '2020-09-28 20:00:23', '321-909-1967 x8603', null, 'd870c20e82a8a3fb69db3596ad8b8ef9', '+01:00', '8TcjIXCgYQKSyNk5nKkTxZ33NAgj76AnR3oAPqoYnyivkbTpeo3P4b11kYwr', 45, null, '2020-09-28 20:00:23', '2020-09-28 20:00:23'),
    (null, 22, false, 'Dr. Raina Green MD', 'Hudson', 8, 10, 378, 'West Arthurmouth', 'rowan32@example.net', '2020-09-28 20:00:23', '+1-258-434-8404', null, 'a6b9f207ae2afd48dfc0b8531bcc0687', '+09:00', 'T9Bicu2Rzw7z9YdedMH6MW1XQGUK7fwjqCgshY45KZ3hObSN5eHnljs1u9sU', 32, null, '2020-09-28 20:00:23', '2020-09-28 20:00:23'),
    (null, 23, true, 'Gerard Monahan', 'Torphy', 36, 11, 1861, 'West Allanmouth', 'imraz@example.org', '2020-09-28 20:00:23', '+1.434.693.4643', null, 'da48c1f932df75a25feec3c6564452d6', '-05:00', 'Dnxjq3PKvV03rlaWltVOjvjJlgqXGD9qH9slJt1HTZBqD2YI77e5KhzCxiRA', 58, null, '2020-09-28 20:00:23', '2020-09-28 20:00:23'),
    (null, 24, true, 'Amy Brakus', 'Reinger', 13, 15, 208, 'Kutchbury', 'qfeest@example.org', '2020-09-28 20:00:23', '1-980-283-0832 x21489', null, '16f7a1fea7b7b6611bca77ac11b3b3c7', '+06:00', '3GvFzxVu9ANHZzrHexOb1MFC4DlXuEVFjUPrp2tZMjcGJ9Y4ln5IBjCcntAQ', 42, null, '2020-09-28 20:00:23', '2020-09-28 20:00:51'),
    (null, 25, true, 'Ms. Marcelle Hamill IV', 'Kuhn', 18, 11, 1320, 'North Isabellton', 'yschuppe@example.org', '2020-09-28 20:00:24', '+1-424-260-4728', null, 'dd8d1fd6b2472a5e211bdfc90f8f2ef4', '+12:00', 'HBv7i6bOnIOkrF01ooCZo9JNmogujAO7ghu5vRbuAQGq7ZEPgpj8iHjDV1DB', 66, null, '2020-09-28 20:00:24', '2020-09-28 20:00:24'),
    (null, 26, true, 'Ms. Agnes Runolfsson IV', 'Bergnaum', 16, 13, 744, 'West Myrtie', 'kozey.tina@example.org', '2020-09-28 20:00:24', '343.625.9066 x960', null, 'dae47cb2c8b3c524631cb5a8d407f9c4', '+00:00', 'KexudBc84SL2LidVM6X6MthB9lSaGn50jvkhFhL0kFNQ7zNwfGiC6YhaeOKF', 39, null, '2020-09-28 20:00:24', '2020-09-28 20:00:24'),
    (null, 27, true, 'Prof. Arnulfo Rice IV', 'Bailey', 54, 1, 9, 'Patienceland', 'kihn.ellis@example.net', '2020-09-28 20:00:24', '241.910.1356 x77948', null, '84f22412352a3889aaf4c9370bad8968', '+12:00', 'RdPMiQSEOApOsUVb5u7WcN7g1vJOTSt7PdYbIrYHBaHhaqqhOgXqISdegOli', 44, null, '2020-09-28 20:00:24', '2020-09-28 20:00:51'),
    (null, 28, false, 'Bernardo Ledner', 'Haley', 17, 17, 785, 'Schulistmouth', 'yaufderhar@example.net', '2020-09-28 20:00:24', '507.362.7973 x549', null, '00982c20d32c9f719a743c48059a883c', '+06:00', 'zEQ6MUrTgRC9Hp4tsYUuKtSLcaW0ual1IEoq9opSWxZZSYQbBuc7A8tIKfrM', 28, null, '2020-09-28 20:00:24', '2020-09-28 20:00:24'),
    (null, 29, true, 'Lamont Greenfelder', 'Metz', 38, 12, 983, 'Mavischester', 'welch.sebastian@example.com', '2020-09-28 20:00:24', '298-378-2948 x738', null, '325164a6a5db5bd95853937a402927de', '-03:00', '0BYupiPW3We9JRk30PEetbBZnS6T3LPVSNp1JqS9srKdKCQ6iOK8q6QReYFw', 7, null, '2020-09-28 20:00:24', '2020-09-28 20:00:24'),
    (null, 30, false, 'Holden Rutherford I', 'Kuhlman', 19, 19, 1832, 'Kertzmannmouth', 'vallie15@example.com', '2020-09-28 20:00:25', '+1-961-681-6349', null, 'b4102700c0b60d25d88553195849d8f6', '+10:00', '16wEN0Tu9Ep7d3syIPqcfYU9f7BHGcEwndQEKScNe0osYjYnPC8arYMHeskr', 65, null, '2020-09-28 20:00:25', '2020-09-28 20:00:25'),
    (null, 31, true, 'Mr. Rylan Pacocha IV', 'Feest', 30, 20, 92, 'Lake Annamaeport', 'smith.abbey@example.net', '2020-09-28 20:00:25', '(689) 870-7645', null, 'ae1d63b8878e0a3dc3f95145217bc3ca', '+09:00', 'Xf2bSXJNtmAqzZF5wzTr4A4XxnrhQU0X82BM9HGHQwA2wBqDQp7TQzDpp3eA', 76, null, '2020-09-28 20:00:25', '2020-09-28 20:00:53'),
    (null, 32, false, 'Elvera Considine', 'Feeney', 47, 28, 769, 'North Antonia', 'drolfson@example.org', '2020-09-28 20:00:25', '+1 (798) 998-9599', null, 'df1afd7b153f1745172c557eb4c59eca', '+07:00', 'zq30sapHRw9N0ybhRrQHIqqbrEuJqjfpYYxjfdZCXekNzSOFh8q5RPNqEPxZ', 67, null, '2020-09-28 20:00:25', '2020-09-28 20:00:25'),
    (null, 33, false, 'Mr. Jaime Klein', 'Bednar', 7, 2, 1478, 'South Lydachester', 'bergnaum.beaulah@example.net', '2020-09-28 20:00:25', '(287) 289-6562', null, 'eb474c721f215cd0ac376d7a405eab50', '+08:00', 'e2S8lau2S1QiEOySgJA31HyOVLuSNH9xTdnmlAA5CojD3SLA4Xd5m8YEFvCj', 10, null, '2020-09-28 20:00:25', '2020-09-28 20:00:25'),
    (null, 34, true, 'Dr. Gay Johns', 'Becker', 55, 18, 1523, 'Schimmelburgh', 'oquigley@example.org', '2020-09-28 20:00:25', '487.519.2481 x9809', null, '3d2ff06760def2abb6488e6422d5ce9f', '+05:30', 'Y3ZUdkf8t2uvqEN1O3dIZenZvOFfbgu6bzz0pHTqiYbPjSxy2V8ctuussVbk', 59, null, '2020-09-28 20:00:25', '2020-09-28 20:00:25'),
    (null, 35, false, 'Kurt Hackett', 'Nader', 62, 9, 1631, 'South Ethaborough', 'florencio.armstrong@example.org', '2020-09-28 20:00:26', '1-657-349-0964 x2813', null, '2d3f743a2c796e1a092fd26400d9d7a4', '-08:00', '0XY5DsFBH7SwKnRUk130aEm953jSnU0jLIjCtzIavfcANptwLrqQRf5BsyA6', 8, null, '2020-09-28 20:00:26', '2020-09-28 20:00:26'),
    (null, 36, false, 'Dr. Selena Ullrich V', 'Littel', 12, 26, 1370, 'Chadton', 'ayundt@example.net', '2020-09-28 20:00:26', '981.671.8974', null, '2caeb5ef93a3a68418f226a91fc949bd', '+11:00', 'dxQi0yE84gDJPWLiVo8KwdKMj3Gftpmb0a3sQPcUQDU7DZpJzmT54ZOVzAxf', 48, null, '2020-09-28 20:00:26', '2020-09-28 20:00:26'),
    (null, 37, false, 'Mr. Jalen Farrell', 'Nikolaus', 2, 1, 811, 'Port Tristin', 'qkessler@example.net', '2020-09-28 20:00:26', '(307) 679-8386 x2970', null, '788a740b12abd3fb3010d22f48e65f5f', '-06:00', 'Hm11YrmU42S5Sdv5M0XgVlP6hQf4TQ1HKTOEfva1aeS9i4izjFWcQwHPZ9GK', 55, null, '2020-09-28 20:00:26', '2020-09-28 20:00:52'),
    (null, 38, false, 'Miss Vivianne Rippin', 'Cronin', 32, 7, 148, 'West Janeland', 'qromaguera@example.com', '2020-09-28 20:00:26', '(793) 233-8380 x356', null, '63bc9cbcac16dbcf71b490cb4bfd5c92', '+06:30', 'Em8zG8ZsJbbMK0sQX49kQZV6ifuYllyzhLyCJPAEKaZbiluEhigqlasFnmUf', 36, null, '2020-09-28 20:00:26', '2020-09-28 20:00:52'),
    (null, 39, true, 'Carlie Pagac', 'Greenfelder', 57, 7, 341, 'Port Vena', 'lorna.paucek@example.org', '2020-09-28 20:00:26', '+1 (491) 855-1569', null, '6943e6c831cb4a04c783daae27b0ac97', '+10:00', 'sgyPbkh8BKVvNSQn1FJmJHULDIDyB7TiKiFpsiXWk2jCy1TOhJ6hi9BZO0et', 25, null, '2020-09-28 20:00:26', '2020-09-28 20:00:26'),
    (null, 40, false, 'Joanny Gibson', 'West', 25, 37, 270, 'Lake Amparotown', 'odeckow@example.org', '2020-09-28 20:00:27', '1-972-330-8190 x4913', null, '8b83a5bb831ab1b9bba91ca73899a8a0', '+02:00', 'nFIpcOlJavvnnY7hcswO0h0BwVybD4hXeGgaEalrS1R6zsfgT6pnGEsTvlp0', 30, null, '2020-09-28 20:00:27', '2020-09-28 20:00:27'),
    (null, 41, true, 'Liam Nienow PhD', 'Kuhic', 36, 11, 40, 'West Braden', 'jefferey92@example.net', '2020-09-28 20:00:27', '506-262-8947 x100', null, 'e78b81228094972c9f5813b86d6af6f2', '+12:00', 'su3JtBBFpXQRvLnaB82F8GUYa0INSSINqjUoxyC0YI3sAHsTH5Dvkp17R5g3', 11, null, '2020-09-28 20:00:27', '2020-09-28 20:00:27'),
    (null, 42, true, 'Unique Feest DDS', 'Goyette', 62, 20, 59, 'Dillanfurt', 'vupton@example.com', '2020-09-28 20:00:27', '+1.364.428.8142', null, '5cbaf56522ee351b6d1cc9e967d81e77', '+12:00', 'gOm5rgyEZxbLyMsiiFf7UflqY4LOpUM2jVQ0zTkUkRTPvHnVmFX0Ep7YtF5E', 73, null, '2020-09-28 20:00:27', '2020-09-28 20:00:51'),
    (null, 43, true, 'Prof. Tyreek Bins', 'Koch', 7, 21, 169, 'Lilianaburgh', 'altenwerth.eloise@example.com', '2020-09-28 20:00:27', '1-859-373-7453', null, '3cc3eae5620011a807d00359a841defd', '+10:00', 'EsAdYAYQdidRxPK0ze6CSYh9PQ2mExAi8HOjtUXWqWoNdNIOA11SnoWd3rvH', 88, null, '2020-09-28 20:00:27', '2020-09-28 20:00:52'),
    (null, 44, true, 'Prof. Tito Ebert DVM', 'Mertz', 55, 2, 1806, 'Lake Jessicabury', 'nora.runolfsdottir@example.com', '2020-09-28 20:00:27', '+1-390-606-4124', null, 'ff00a8de1bbead1e5fc4178e8a5f7bbd', '+11:00', 'q0JiXow038jrLuPNofWYXKSDz6PF0aHyuRr6GCJd9vgx54P9G7vUweSpAozm', 10, null, '2020-09-28 20:00:27', '2020-09-28 20:00:27'),
    (null, 45, true, 'Devante Reichel DVM', 'Jakubowski', 43, 38, 791, 'Cummingsshire', 'eliezer04@example.org', '2020-09-28 20:00:28', '516.472.5915 x318', null, '56efba7c7b920ccd8a0e8535acc2726b', '-07:00', 'nAJ3DFfQNTvzYA1hVTfzRCZS6hqi4j0rCmcYqvIYBrI8C7HO9Rrb736gqmUR', 42, null, '2020-09-28 20:00:28', '2020-09-28 20:00:28'),
    (null, 46, true, 'Winona Gleichner', 'Wilkinson', 47, 31, 177, 'East Allisonbury', 'julianne.thompson@example.net', '2020-09-28 20:00:28', '1-917-728-7543', null, '8044a4d96203971a39c77b12664311bb', '+05:45', 'uGrIKHhXSS6sOxdQufo3q4qcd4Gwbn0UlZUHgdnaCW5eiEpcBrlC9QiZdgKL', 33, null, '2020-09-28 20:00:28', '2020-09-28 20:00:51'),
    (null, 47, false, 'Mitchell Lindgren', 'Blick', 47, 12, 731, 'Breitenbergport', 'nelson.hoppe@example.org', '2020-09-28 20:00:28', '(691) 231-8183', null, 'e8d95f2f9e894630c96263eaffb47db8', '+03:00', 'gUCkowxMGHkyP8aWf7gmyryzI0q1x41RW8RF0gWkCrhL3IS0TuPWw8pzh6QH', 48, null, '2020-09-28 20:00:28', '2020-09-28 20:00:53'),
    (null, 48, true, 'Roy Reinger', 'Bergstrom', 24, 47, 673, 'Rolfsonberg', 'vito79@example.net', '2020-09-28 20:00:28', '+1-385-531-2792', null, 'de2ebfe8d2cf9b91c0fb941adccf9338', '+02:00', 'tshg8ukEn3l7eTwVkgsz49ezfTlLa0Xd8RbNiTKwth8SlLt786NM4lXdlDIq', 69, null, '2020-09-28 20:00:28', '2020-09-28 20:00:51'),
    (null, 49, false, 'Miss Alyce Bergstrom II', 'Macejkovic', 59, 19, 112, 'Kayceemouth', 'kaci.hauck@example.com', '2020-09-28 20:00:28', '+1-250-720-8780', null, '28f99c1e18149ac2d5d702d4ceb6663c', '+01:00', 'tzVOfZHA6d3EgkFmCwoG3LRnZA7sWHQE65v283KM4sPx8LPk7zhbJ92Ox25A', 52, null, '2020-09-28 20:00:28', '2020-09-28 20:00:52'),
    (null, 50, true, 'Bria Hermann', 'Tillman', 1, 1, 1, 'East Alfonzoburgh', 'bstoltenberg@example.com', '2020-09-28 20:00:28', '558-392-4400 x74935', null, '14bbb2dfbd8b5de8726fbdbbeab9a831', '-09:00', 'fH9Dk9V3A8ZEA1YOexCYgCxve2kppjADC9yHMbkKqs63cRrxfMiOszw27T1N', 100, null, '2020-09-28 20:00:28', '2020-09-28 20:00:28'),
    (null, 51, true, 'Clifton Ward', 'Balistreri', 1, 1, 1, 'South Nyah', 'stanford26@example.org', '2020-09-28 20:00:29', '741.960.3646', null, 'f88a42a88249a80cf321e61c1b6de50e', '-03:00', 'DAG0qY7QpDpFwlcbTUldE5YfuVqckd4NZjeXnNMZkt3RBknt6zifSTHjhKU7', 101, null, '2020-09-28 20:00:29', '2020-09-28 20:00:29'),
    (null, 52, true, 'Emie Sporer IV', 'Hintz', 1, 1, 1, 'East Vickiechester', 'monique.schmeler@example.net', '2020-09-28 20:00:29', '798-431-3938 x135', null, 'a2ca7010d4b03f2249721c60eb3a3baf', '+05:30', '3AYtzhjPAtS0k1lPgj4bLEIv7xKtUPpuaxVH5Z2gXDRh4m89ugTkBibvcHCm', 102, null, '2020-09-28 20:00:29', '2020-09-28 20:00:53'),
    (null, 53, false, 'Cade Nicolas I', 'Cole', 1, 1, 1, 'East Florence', 'zena20@example.com', '2020-09-28 20:00:29', '349-270-6402', null, 'f1ff7e667a329488dbb5ec8f032e0bdc', '+05:45', '27lU5r86ddkcyutcOrfwyQfO6Z9jcT6LpjRThvAkTqCX8UX1lzB5oZ4wr7gC', 103, null, '2020-09-28 20:00:29', '2020-09-28 20:00:29'),
    (null, 54, false, 'Yessenia Champlin', 'Connelly', 1, 1, 1, 'Kailynfurt', 'hackett.leanna@example.com', '2020-09-28 20:00:30', '(350) 290-5004', null, '4f4444c648aba2378de75d65dfeee8b5', '+01:00', 'tkEpwUgrIbpMICkVQkscfPM5bCKJxzrHkDmbm9miMHRuZ8Zi4EuXqC3xv4ga', 104, null, '2020-09-28 20:00:30', '2020-09-28 20:00:30'),
    (null, 55, true, 'Miss Rebeca Wilkinson MD', 'Gutmann', 1, 1, 1, 'East Oceaneland', 'tokuneva@example.com', '2020-09-28 20:00:30', '670-619-4246 x620', null, 'bd87c170ff4142deea8eaec4301f8710', '+09:00', 'vwAdLCvrGc0PfH8V0xoKNedBwdsDRyWIz8wEafiV83QmYcRLa6wcY1MQoCXH', 105, null, '2020-09-28 20:00:30', '2020-09-28 20:00:30'),
    (null, 56, true, 'Rosemarie Lebsack', 'Kihn', 1, 1, 1, 'Nealbury', 'littel.sofia@example.org', '2020-09-28 20:00:30', '+1.358.519.6867', null, '79354c34b6ffe8d6015f31c1b46f2b26', '+03:30', 'A20uTRy5tyIEVOpYtOj3iERT5GkznvMrx0WjApUKDNfk9uHHhQZGDJyCeLmc', 106, null, '2020-09-28 20:00:30', '2020-09-28 20:00:30'),
    (null, 57, false, 'Dr. Eudora Mosciski', 'Maggio', 1, 1, 1, 'East Carmenborough', 'rgislason@example.org', '2020-09-28 20:00:31', '(505) 249-4027 x71684', null, '24a29a999b8a32680671489c4d49711b', '+03:00', 'rD2Mkdqlzu9HXq5MqDZKgKG73aXNOu5OCnPpoBGiDmFlIyH6XBDi9kK9nxed', 107, null, '2020-09-28 20:00:31', '2020-09-28 20:00:31'),
    (null, 58, true, 'Mrs. Karlie Beahan', 'Turner', 1, 1, 1, 'East Van', 'goldner.lon@example.net', '2020-09-28 20:00:31', '1-203-734-6876 x54941', null, 'f46f958c694d0234e1ef88963e80fc89', '+03:00', 'uJEK4EazXjlb20El4ajH88utaA9NkApVzOOzE6wJkshxswwS2Ej0ZbKwKHC0', 108, null, '2020-09-28 20:00:31', '2020-09-28 20:00:31'),
    (null, 59, false, 'Clemmie Johns', 'Heaney', 1, 1, 1, 'Jacklyntown', 'alison.rosenbaum@example.com', '2020-09-28 20:00:31', '684.756.6140', null, 'c7fbadf5ea7c5bb4928398807df4cf1e', '-09:00', 'BVOlhgYNDRrr6FwtIZbWgOTn2LubCZbVioiNvGhTW8nhhNkbK9iSRd84AWsZ', 109, null, '2020-09-28 20:00:31', '2020-09-28 20:00:51'),
    (null, 60, true, 'Kenton Zulauf', 'Jakubowski', 1, 1, 1, 'Lake Manley', 'homenick.annabel@example.org', '2020-09-28 20:00:31', '+19592098483', null, '3c7c8a7658b492c832ec494cefa93cbd', '+06:00', '5wRATnY1S8FqpuTVWhKVSe8oTiU6ntDaNq4sxHY89rEAeQjezq3mVOIGsB78', 110, null, '2020-09-28 20:00:31', '2020-09-28 20:00:52'),
    (null, 61, false, 'Miss Destiny Runte', 'Klein', 1, 1, 1, 'Faystad', 'june18@example.com', '2020-09-28 20:00:32', '+1-528-412-5687', null, '67099002695a340fbfd643688e548417', '+06:30', 'cWOHML3BYGTyCvPwYUZfxyLqm2t7gxdcJzWRkENKoS44eEB3J76n0aVkr27H', 111, null, '2020-09-28 20:00:32', '2020-09-28 20:00:52'),
    (null, 62, true, 'Ila Koepp', 'Streich', 1, 1, 1, 'West Lurline', 'wkuhlman@example.com', '2020-09-28 20:00:32', '271-956-1374', null, '198949652f32f31f072e9e410227f79c', '+05:30', 'PBZLZVNBdzAuixKtpl95ZloRw6oNWt1VPWp1628oC9LhuiVBZgxQXFBI35WL', 112, null, '2020-09-28 20:00:32', '2020-09-28 20:00:51'),
    (null, 63, false, 'Rosina Lebsack', 'Koepp', 1, 1, 1, 'Lake Rosannabury', 'myriam11@example.com', '2020-09-28 20:00:32', '+14198516701', null, '3aa2faa3a8cb20190fb0edf203ee5d6d', '+08:00', 'qeajXHNZcSOIjFwpYbBe2ktNJJcHBGL9efvWWUP52mRBI5l6PcHXzKtTXpky', 113, null, '2020-09-28 20:00:32', '2020-09-28 20:00:32'),
    (null, 64, true, 'Selmer Rosenbaum IV', 'Powlowski', 1, 1, 1, 'East Karelleton', 'acummerata@example.com', '2020-09-28 20:00:33', '+16217258625', null, 'e6307a7b2515177c1140b2d8530850b0', '-02:00', 'ujg7TwG9ZTQPmLwtJOPAL2oYRN3ioGA2duka7E3W5n13GqNZd5IAhhwhhLF7', 114, null, '2020-09-28 20:00:33', '2020-09-28 20:00:53'),
    (null, 65, false, 'Prof. Emmalee Brekke Sr.', 'Kemmer', 1, 1, 1, 'Margottown', 'orath@example.net', '2020-09-28 20:00:33', '690-446-9157 x822', null, '222a237098203f10f633c03f86da2f06', '-02:30', 'iZUQ2mwOnERlM3QqsIvuhMI1SEGs8S4u3idhTzec8mdEdFcxrOE9MqoNU8Cv', 115, null, '2020-09-28 20:00:33', '2020-09-28 20:00:51'),
    (null, 66, true, 'Prof. Beulah Bednar', 'Rau', 1, 1, 1, 'South Cristinaberg', 'emmitt.walter@example.org', '2020-09-28 20:00:33', '+1-587-335-5641', null, 'bb3cbdd6d6ddf6370db9950669c13134', '+02:00', 'v0AULvxobnpapC6l5XR2nad2DKndHf7e4DwvuJuEYNzD4Us5bMcQt2yQRCjG', 116, null, '2020-09-28 20:00:33', '2020-09-28 20:00:53'),
    (null, 67, false, 'Melisa Bergnaum', 'Gottlieb', 1, 1, 1, 'Port Lelia', 'evan47@example.org', '2020-09-28 20:00:33', '660-214-6213 x09698', null, '6fb9ac768fb9ff95f6b5a5a3d8fe2533', '+02:00', 'hTqFPAZ5elqtKhAqecvRpreCez4Z5Y6A0iuawWXe0faa79DtboEMcxJPdWwF', 117, null, '2020-09-28 20:00:33', '2020-09-28 20:00:33'),
    (null, 68, false, 'Miss Zoe Orn', 'Zulauf', 1, 1, 1, 'North Carlee', 'deondre41@example.org', '2020-09-28 20:00:34', '(347) 460-8005 x765', null, 'cd73e758fb47881f07a07f11fe0b1080', '+02:00', 'hy2ypwe0SjNgM5jWWiV0w70wZG7NZaQGF0ITyKYDQCZzrMLxcOZN3bZpCUwW', 118, null, '2020-09-28 20:00:34', '2020-09-28 20:00:34'),
    (null, 69, true, 'Prof. Hoyt Thompson V', 'Ratke', 1, 1, 1, 'East Cristophertown', 'rhessel@example.net', '2020-09-28 20:00:34', '410-373-4662', null, '635227cc3d69ed40b72aa041ed2e7440', '+03:00', 'drqZAW41Erkc05IPU7l13D4v2LAkDKql04TrdWHMxZMFs9VdVbxNiuHv1q8n', 119, null, '2020-09-28 20:00:34', '2020-09-28 20:00:34'),
    (null, 70, false, 'Norberto Lehner', 'Hodkiewicz', 1, 1, 1, 'Jamarcushaven', 'stanton.dell@example.org', '2020-09-28 20:00:34', '772.885.2350', null, '2efd5ad22ccb85af16acaba6b5f40049', '+05:30', '3l1sDqenfY4GpYtENJ2mpIwhxQrBh8WjxFszIF1qZ5LZtI1aCBhmoA7iGzyV', 120, null, '2020-09-28 20:00:34', '2020-09-28 20:00:34'),
    (null, 71, true, 'Jake Becker Jr.', 'Parker', 1, 1, 1, 'South Paige', 'ryann.jacobson@example.com', '2020-09-28 20:00:34', '(651) 575-2160 x27527', null, 'dec659daa4a678d73de1533cf8423b69', '+02:00', 'QDBJZbYmjhwbmLZjlrz14Z1cGPmJHh58dMqK3FnwZs9nrp30k6bUYw7DppjS', 121, null, '2020-09-28 20:00:35', '2020-09-28 20:00:51'),
    (null, 72, true, 'Alberta Brown', 'Schowalter', 1, 1, 1, 'Marksburgh', 'tanderson@example.net', '2020-09-28 20:00:35', '+12712071161', null, 'a153f0beab7c9e1bc2596a7158ded1fa', '+09:00', 'mWHF1xn7C19d2VHmcoFnvcSqeZtwlyQghCZAZnpwMlMHne0gG2yGon7rJZvS', 122, null, '2020-09-28 20:00:35', '2020-09-28 20:00:35'),
    (null, 73, false, 'Prof. Erik Friesen DDS', 'Connelly', 1, 1, 1, 'West Rigobertoville', 'jeanne.pollich@example.net', '2020-09-28 20:00:35', '(968) 514-0921', null, '9ec8dbee176660f298fba5723fc1d146', '-08:00', 'j2tgyybeS05ZQBOD4kFagbGSQbtrodRACAr0jlImvcmhVNBG8RJ75DqYtIta', 123, null, '2020-09-28 20:00:35', '2020-09-28 20:00:35'),
    (null, 74, true, 'Jude Kemmer', 'Mante', 1, 1, 1, 'Lake Shannonstad', 'rau.tristin@example.com', '2020-09-28 20:00:36', '801-214-1835', null, '246c0b2af4c5d56170b507a0e05e18da', '-02:00', 'p4pRGN0nTJdXQ4NMKy2Wsi3Nu7WQLE3GAwH0RGX6ktcS89gji3DOkLZJxjv5', 124, null, '2020-09-28 20:00:36', '2020-09-28 20:00:36'),
    (null, 75, false, 'Prof. Ima Bahringer', 'Gusikowski', 1, 1, 1, 'West Princeburgh', 'mhudson@example.com', '2020-09-28 20:00:36', '+1.369.590.1722', null, '7c5fd832d67135b44b09c7b0c35761a4', '-08:00', 'idfDf9aEkQJ2hlAZ4zUo8UWnAH0ioVmeoI1aWaIjIS1mYpc7M6RJ5vyXh0Qu', 125, null, '2020-09-28 20:00:36', '2020-09-28 20:00:36'),
    (null, 76, false, 'Cory Hahn', 'Huel', 1, 1, 1, 'West Aniyahton', 'rmertz@example.com', '2020-09-28 20:00:36', '(579) 309-7733 x391', null, 'a8011705da2507ab9d7bc21333fb7e1f', '+08:00', 'i0z3QvX5dVuYIkbxuWwxqizhxQB0R6Qq2ojAfHBw8ZI4lFo8pK0b8C1vyl1a', 126, null, '2020-09-28 20:00:36', '2020-09-28 20:00:53'),
    (null, 77, true, 'Allene Connelly', 'Oberbrunner', 1, 1, 1, 'Port Jimmymouth', 'kjacobson@example.org', '2020-09-28 20:00:37', '813-231-3666', null, '7e02d5406cc733716e7f1de53210dff5', '-04:00', 'UFqTYqITm4r4qtUIbeAZpIUAs4edbGF5OPQ6yQUjopFgUvfmiMyIywRU35Gh', 127, null, '2020-09-28 20:00:37', '2020-09-28 20:00:37'),
    (null, 78, false, 'Bart Schaefer', 'Windler', 1, 1, 1, 'East Ervin', 'brekke.mossie@example.net', '2020-09-28 20:00:37', '+1 (550) 949-8448', null, 'f04c223feeb3681c3c65d6704539a0be', '+07:00', 'saJmjo5xoBhyxjzU4QXd8Y2hYBoHkB9IZTKTIxn6aI6HSbVlGG2SHkPmbV5l', 128, null, '2020-09-28 20:00:37', '2020-09-28 20:00:50'),
    (null, 79, false, 'Mr. Sebastian Simonis', 'Reilly', 1, 1, 1, 'Hazlemouth', 'wintheiser.lauryn@example.net', '2020-09-28 20:00:37', '+1 (773) 240-1374', null, '48e139ebc16c7ca09b58098c89702848', '+11:00', 'Gnce1z1R8YuadK6u0BOumD0Y0JvwcSSIsY1Vl8F7GxdnUOlIEUFpz2In81zb', 129, null, '2020-09-28 20:00:37', '2020-09-28 20:00:37'),
    (null, 80, false, 'Jack Ortiz', 'Auer', 1, 1, 1, 'Candelarioview', 'senger.blake@example.net', '2020-09-28 20:00:37', '+1-434-402-8823', null, '4c3f3ecb04c1fe89a08946176174507d', '-03:00', 'QCs8y9l6b3Fzl47Xs3fzgKPnIfeijUYCYBs09a1j6m3na11KJZ9RzyGBJDH1', 130, null, '2020-09-28 20:00:37', '2020-09-28 20:00:52'),
    (null, 81, true, 'Joe VonRueden', 'Rolfson', 1, 1, 2, 'Eichmanntown', 'fkoelpin@example.org', '2020-09-28 20:00:38', '+1-564-791-7746', null, '3627757854ab78588266e184e079e61e', '-02:00', 'A6U4yvuMU4yhjSi05ztDzGphk7KIvKnfUwTEDYFBJwjsT524hVHEbMVqPip5', 131, null, '2020-09-28 20:00:38', '2020-09-28 20:00:38'),
    (null, 82, false, 'Mrs. Polly Spinka', 'Terry', 1, 1, 2, 'Siennahaven', 'schumm.griffin@example.com', '2020-09-28 20:00:38', '945-892-6104', null, '37d8ed6463097e6a2da998c472b1b9ff', '+06:30', 'h7rYmFPcd64dgT12ukjn5pZgl2yaFjDqHdbZHTTraNkeHSPl38VfOQaBfxl2', 132, null, '2020-09-28 20:00:38', '2020-09-28 20:00:50'),
    (null, 83, false, 'Prof. Fleta Hansen', 'Romaguera', 1, 1, 2, 'North Dario', 'audra54@example.org', '2020-09-28 20:00:38', '873-263-4875 x13994', null, 'aad6b2bd61c37cc3730659402b9a1db8', '+01:00', 'cxXKOepJcxDRUOG8VAdJXN8ZXGJnXSdc3QVNikZiVzDiyhDvsPOlM6JvWBKN', 133, null, '2020-09-28 20:00:38', '2020-09-28 20:00:38'),
    (null, 84, false, 'Korbin Kling', 'Trantow', 1, 1, 1, 'East Shanel', 'zhudson@example.org', '2020-09-28 20:00:39', '1-781-582-3758 x3149', null, '3c84edd2a1ef506fa4ff43480c70cd14', '+12:00', 'q1M0FgPU65QguCekzVvXtyYzPfPjxhaMxkgW2XsdI70IzmjrYaKbeSVIde64', 134, null, '2020-09-28 20:00:39', '2020-09-28 20:00:39'),
    (null, 85, true, 'Ewald Pouros', 'Homenick', 1, 1, 1, 'East Adelashire', 'qblock@example.com', '2020-09-28 20:00:39', '719.963.3478 x8196', null, 'bfa158c97c20c5a5c0e2033690964d17', '-05:00', 'urHtx7axzY4p71PFLFvEBhs6OfssaWxDCSFZbPGYHpAWgdBsoX5uiKmfpZOj', 135, null, '2020-09-28 20:00:39', '2020-09-28 20:00:39'),
    (null, 86, false, 'Miss Judy Kunze', 'Jast', 1, 1, 1, 'Lessieborough', 'ujacobson@example.com', '2020-09-28 20:00:39', '+1-985-976-6571', null, '9d29953066d1adec580592da41fc10f1', '+09:00', 'U8AsveJzCsf3xDPWL6fxYgCayBd53PqXlFA5lHyJxIAMHY6Wee1MhhE9dPGp', 136, null, '2020-09-28 20:00:39', '2020-09-28 20:00:39'),
    (null, 87, false, 'Dr. Antonina Reilly II', 'Luettgen', 1, 1, 1, 'Blandaberg', 'reginald.spencer@example.org', '2020-09-28 20:00:40', '+1-519-315-8694', null, '1ad9fa911b11d8b10ec02512328a3f87', '+00:00', 'zXj9fzEBOM0rjZN9ktxUOhIs0QvpizMtnXWC91dGHivyQW9PMYRuUOktNerx', 137, null, '2020-09-28 20:00:40', '2020-09-28 20:00:52'),
    (null, 88, false, 'Keenan Cormier', 'Boyer', 1, 1, 1, 'North Gaetanoborough', 'gerhold.julia@example.com', '2020-09-28 20:00:40', '1-783-406-4000', null, '1e54f1b6f83a50fcc41f1ffe51edd3ab', '+09:00', 'kP6AboebtgJMwDhk9GU6NBIlxn9g3Ppz8Idc0YACPWZ0sS2qoTqhLIilwQdK', 138, null, '2020-09-28 20:00:40', '2020-09-28 20:00:40'),
    (null, 89, false, 'Johan Ondricka MD', 'Jakubowski', 1, 1, 1, 'Fadelberg', 'hellen.heathcote@example.net', '2020-09-28 20:00:40', '895-905-3577 x3107', null, '726d9a2b8eb76c2d0309b8460fc6b6e7', '+10:00', '7toWJnVpHfncLtneL414y9INxCJqotMwXSTa9OzSKzAJAjQOQRkQLSg58sii', 139, null, '2020-09-28 20:00:40', '2020-09-28 20:00:52'),
    (null, 90, false, 'Prof. Rhett Kautzer', 'Skiles', 1, 1, 1, 'Makaylafurt', 'esteban.lind@example.org', '2020-09-28 20:00:41', '(926) 751-7708', null, '216812ba39784a25681288275902567b', '+04:30', 'B5Xyn6GHL6b20gL0cf4CEzReQikSUM9M3JkVn57E1Ipt6JaAJdhVkIciM5iT', 140, null, '2020-09-28 20:00:41', '2020-09-28 20:00:41'),
    (null, 91, true, 'Dr. Leila Sipes DDS', 'McDermott', 1, 1, 1, 'Shieldsville', 'olaf.bartell@example.org', '2020-09-28 20:00:41', '(402) 917-0424', null, '0f6fa3a1dc343bbf7d5b7fa29feb116a', '+04:00', 'PpWA42Z4IBngXPMEk9lHxQW6kGhhiKDYXyaO8mm6uR99MiSYTbLBVcFkuSZs', 141, null, '2020-09-28 20:00:41', '2020-09-28 20:00:51'),
    (null, 92, true, 'Trevion Schumm', 'Christiansen', 1, 1, 1, 'Schoenstad', 'krystina.crooks@example.net', '2020-09-28 20:00:41', '484.498.0254', null, 'e24a208e4c248ae2ed2f508e9c4b932f', '+08:00', 'GkC3ThhGxEh3Q3HRx8voKv0udAWh5HsMPzi1S3JWWpVfpG8lCImFnJODmgiX', 142, null, '2020-09-28 20:00:41', '2020-09-28 20:00:41'),
    (null, 93, true, 'Milo Beahan', 'Schmitt', 1, 1, 1, 'South Ellen', 'becker.luis@example.net', '2020-09-28 20:00:42', '702.351.9213 x154', null, '9cb002bab0c87c1c5824b921acefc9a5', '+01:00', 'ZZo7FeG4ibj5hCsDT7BXftyS6wUUvvdzZiZDfAzSgBsPsAtfvHmn4fQsY58A', 143, null, '2020-09-28 20:00:42', '2020-09-28 20:00:42'),
    (null, 94, true, 'Dr. Mckayla Weimann', 'Keeling', 1, 1, 1, 'Lake Vilmamouth', 'javonte29@example.org', '2020-09-28 20:00:42', '(435) 329-6820', null, '26fc64b2946eebf5df6cf849e45aca7d', '-09:00', 'OzRp0Awezj2qnYHJL6OT9dEPX1CuNfiJQNZf8khH2OSLS9D7jLQoZuM7tema', 144, null, '2020-09-28 20:00:42', '2020-09-28 20:00:42'),
    (null, 95, true, 'Miss Imogene Herman', 'Kon', 1, 1, 1, 'Port Timmothy', 'jaren37@example.org', '2020-09-28 20:00:42', '1-781-732-1756 x3824', null, 'e766f1cfd4b3244c98ca40776dfb9e7a', '+05:00', 'iGi68lSxVi4V1WP0l7Y4WJrfLrKOVQ7DGIOoRUDNWMFbI9BlYyWOkJsl7CD5', 145, null, '2020-09-28 20:00:42', '2020-09-28 20:00:42'),
    (null, 96, true, 'Dr. Kylie Watsica II', 'Streich', 1, 1, 1, 'Handton', 'leuschke.anya@example.net', '2020-09-28 20:00:42', '226-954-2094', null, 'fa0687c4c313f06eb7b833680123fc69', '-06:00', 'd2LvmvEBPN3cMcpAYSfEHQReIYtcLQRPZxNKmg7jWNenIb54uUy0YCuagxuR', 146, null, '2020-09-28 20:00:42', '2020-09-28 20:00:52'),
    (null, 97, true, 'Titus Hane', 'Littel', 1, 1, 1, 'South Eunice', 'mraz.winona@example.net', '2020-09-28 20:00:43', '(525) 767-9384', null, 'bc29dcf58cd9ecf0b2c5e9beacc1a6c6', '-03:00', 'BHGF8lDvkudhXNdeelMDkIBmVz9sGLCO5gAkzKnvCfz2CHFmU0cBEQOtHdf0', 147, null, '2020-09-28 20:00:43', '2020-09-28 20:00:53'),
    (null, 98, false, 'Prof. Grover Hintz DVM', 'Robel', 1, 1, 1, 'Port Armandtown', 'demetrius.wisoky@example.com', '2020-09-28 20:00:43', '1-669-862-7924 x39224', null, '8c2cd94ca139107872c5aae924d7b9f9', '+07:00', '9kQRJsD0PxxtbWIMbczw5NGWEAhLLAYRKeLTNwH603Ks1HfQZdt5lRHeiUPq', 148, null, '2020-09-28 20:00:43', '2020-09-28 20:00:43'),
    (null, 99, true, 'Stewart Kohler IV', 'Bailey', 1, 1, 1, 'South Wyattborough', 'alfonso49@example.net', '2020-09-28 20:00:45', '(903) 959-9108', null, 'fe124a5f9f75aaff810e02875d7fb006', '-02:00', 'eya466JEnm6wYF1Ivjm2D2JQAfwbr16nO7TH2vEDS0ftwbYbTzHIgEFg1TIA', 149, null, '2020-09-28 20:00:45', '2020-09-28 20:00:50'),
    (null, 100, false, 'Sheldon Conn', 'Ebert', 1, 1, 1, 'Oberbrunnerstad', 'mccullough.lorenz@example.com', '2020-09-28 20:00:45', '1-786-213-3750', null, 'a07ffc1867a6d82a79ffa2a85002b936', '+09:00', '7MRZyMMDcR9n4tSyqZIjPF33J7v5iOOuLDLOWZmphUT0HelfHmVquKFFX2hz', 150, null, '2020-09-28 20:00:45', '2020-09-28 20:00:45'),
    (null, 101, false, 'Maeve Mosciski', 'McLaughlin', 1, 1, 1, 'Naderburgh', 'qernser@example.org', '2020-09-28 20:00:46', '984-484-6714 x56851', null, '794eb412f8ba2debeddbcca2c561bb5d', '-05:00', 'cmDxiUxVqy7FoRVSUoGgn2vhD60HxmTJKyFIcMonwU2TeBdGFZSSLxF9UVhV', 151, null, '2020-09-28 20:00:46', '2020-09-28 20:00:46'),
    (null, 102, false, 'Ms. Adrienne Nolan Jr.', 'Okuneva', 1, 1, 1, 'South Katelyn', 'bette56@example.net', '2020-09-28 20:00:46', '+1-547-932-2393', null, '3e54b1d5da2bf1b9298621507d62a292', '+04:30', '8xCnksdl1OwIloqqneGrOSUpCpRjg0fNVLgaxNDCKsbFWplggtJST0TsXzYV', 152, null, '2020-09-28 20:00:46', '2020-09-28 20:00:46'),
    (null, 103, false, 'Lucius Grant', 'Kris', 1, 1, 1, 'Port Aiden', 'zachariah94@example.net', '2020-09-28 20:00:46', '(970) 766-6402 x29658', null, '617189c0ebdd2cfdba3581dcc0a973c7', '+04:30', 'y3pCTZ06sLMiqm5zoaYVzrEy3BXN1YjdOmA6BdMuDq2egmEHLD5Z0CvOTHO2', 153, null, '2020-09-28 20:00:46', '2020-09-28 20:00:46'),
    (null, 104, false, 'Eladio Kuhlman', 'Haag', 1, 1, 1, 'Jayneview', 'leda.abbott@example.org', '2020-09-28 20:00:46', '376.388.4865', null, '1153c0aa53d6835c4a55a72e26accded', '+08:00', 'BWnCsSo6nWzYYbtY77EuEgKQ4aQk5VonMQSX27OkcRZmRNtuC1KkmBL5Vhfe', 154, null, '2020-09-28 20:00:46', '2020-09-28 20:00:51'),
    (null, 105, false, 'Prof. Tavares Bednar Jr.', 'Murphy', 1, 1, 1, 'Hahntown', 'minnie.romaguera@example.org', '2020-09-28 20:00:47', '282.792.8772 x59204', null, '550c3b8edeb99b822e5ee2d674f54cc9', '+12:00', 'AiLIjndXMEM26c7TTEnqkR8rmSx6MCnCLGsRukp3Y1BofMtFfLhW71rOXEgn', 155, null, '2020-09-28 20:00:47', '2020-09-28 20:00:50'),
    (null, 106, false, 'Angelita Osinski', 'Bayer', 1, 1, 1, 'New Kara', 'uoconner@example.com', '2020-09-28 20:00:47', '(207) 705-0360 x1475', null, '2a53d55b24fadc8aa49c886df0ed9e86', '+09:00', '9Nnfe9EWfu7JkuxstIzHxAwha5gyXnHCkFwVx9Ox6vmGkwoY7QpTryESQ0fS', 156, null, '2020-09-28 20:00:47', '2020-09-28 20:00:47'),
    (null, 107, true, 'Jaycee Rohan', 'Zieme', 1, 1, 1, 'Daughertystad', 'xdooley@example.org', '2020-09-28 20:00:47', '(671) 759-5108 x8947', null, '96c1aab43811a0520636cb48c911d84a', '+12:00', '2pVmBBtp0n5OZka3lGDRkN22lPHArrn7qWuxE3weS0bR5SlZDwNxtea6dVkD', 157, null, '2020-09-28 20:00:47', '2020-09-28 20:00:52');

/* data.events */
insert into data.events
    (id, deleted_at, created_at, updated_at, description, author_id, type_id, status_id, region_id, locality, unpublish_note, lat, long)
values
    (10, null, '2020-09-28 20:00:31', '2020-09-28 20:00:31', 'Cupiditate itaque eos ratione quas nihil similique quis. Dignissimos voluptas magnam ratione labore. Repellat eum maiores qui qui quae sunt sed.', 23, 1, 2, 1478, 'East Carson', null, 54.57, 36.62),
    (54, null, '2020-09-29 11:30:44', '2020-09-29 11:39:19', '       .     .  .    .', 2, 4, 1, 1324, '', null, 49.81, 44.61),
    (55, null, '2020-09-29 11:32:41', '2020-09-29 14:07:39', '   200      .   -  5   .   .   1500   .', 2, 2, 1, 1291, '', null, 55.73, 37.84),
    (56, null, '2020-09-29 11:41:10', '2020-09-29 13:09:58', '   .        .      .    1000  .', 4, 1, 1, 1283, '', null, 51.66, 35.66),
    (57, null, '2020-09-29 11:43:03', '2020-09-29 11:53:21', '      ,     .     .', 4, 6, 2, 1308, '', 'member', 53.5, 49.54),
    (58, null, '2020-09-29 11:48:53', '2020-09-29 14:15:26', '     .  ""   .     -      .', 3, 5, 1, 909, ' ', null, 51.96, 75.63),
    (59, null, '2020-09-29 13:16:39', '2020-09-29 14:16:56', '    3            .   !', 7, 3, 1, 1327, '', null, 51.77, 39.04),
    (60, null, '2020-09-29 13:19:24', '2020-09-29 14:18:03', '    ,  35, "61  1" Matrix.
               .    MegoDrive2+     , 2    .', 7, 3, 1, 1327, '', null, 51.83, 38.12),
    (61, null, '2020-09-29 14:56:24', '2020-09-29 14:56:24', ' ,    .  .     (1000).', 11, 2, 1, 1772, '', null, 49.89, 36.67);

/* data.event_user */
insert into data.event_user
    (id, event_id, user_id, is_successful, created_at)
values
    (47, 10, 4, false, '2020-09-28 20:00:44'),
    (50, 55, 5, false, '2020-09-29 11:35:21'),
    (51, 54, 6, false, '2020-09-29 11:36:35'),
    (52, 56, 7, false, '2020-09-29 11:51:15'),
    (53, 57, 5, true, '2020-09-29 11:52:48'),
    (54, 54, 7, false, '2020-09-29 11:54:40'),
    (55, 60, 7, false, '2020-09-29 12:23:33'),
    (56, 58, 6, false, '2020-09-29 12:24:58'),
    (57, 58, 5, false, '2020-09-29 12:25:07'),
    (58, 56, 8, false, '2020-09-29 13:09:23'),
    (59, 54, 8, false, '2020-09-29 13:11:07'),
    (60, 60, 8, false, '2020-09-29 13:20:26'),
    (61, 60, 9, false, '2020-09-29 14:02:37');

/* data.event_picture */
insert into
    data.event_picture (id, created_at, event_id, picture_id)
values
    (1, CURRENT_TIMESTAMP, 55, 73),
    (2, CURRENT_TIMESTAMP, 10, 76),
    (3, CURRENT_TIMESTAMP, 54, 78),
    (4, CURRENT_TIMESTAMP, 54, 80),
    (5, CURRENT_TIMESTAMP, 56, 82),
    (6, CURRENT_TIMESTAMP, 57, 83),
    (7, CURRENT_TIMESTAMP, 58, 84),
    (8, CURRENT_TIMESTAMP, 59, 157),
    (9, CURRENT_TIMESTAMP, 60, 157);